<?xml encoding="UTF-8" version="1.0"?>
<actions>
<action>
   <icon></icon>
   <name>Run command ...</name>
   <name xml:lang="am">ትእዛዝ ማስኬጃ ...</name>
   <name xml:lang="ca">Executa ordre ...</name>
   <name xml:lang="da">Kør kommando ...</name>
   <name xml:lang="de">Befehl ausführen ...</name>
   <name xml:lang="el">Εκτέλεση εντολής ...</name>
   <name xml:lang="es">Ejecutar orden ...</name>
   <name xml:lang="fi">Suorita komento ...</name>
   <name xml:lang="fr">Exécuter une commande ...</name>
   <name xml:lang="it">Esegui comando ...</name>
   <name xml:lang="lt">Vykdyti komandą ...</name>
   <name xml:lang="nl">Commando uitvoeren ...</name>
   <name xml:lang="pl">Uruchom polecenie ...</name>
   <name xml:lang="pt_BR">Executar comando ...</name>
   <name xml:lang="pt">Executar comando ...</name>
   <name xml:lang="ru">Выполнить команду ...</name>
   <name xml:lang="sk">Spustiť príkaz ...</name>
   <name xml:lang="sl">Izvedi ukaz ...</name>
   <name xml:lang="sv">Kör kommando ...</name>
   <name xml:lang="tr">Run command ...</name>
   <name xml:lang="zh_TW">執行某命令……</name>
   <unique-id>1391443541044100-3</unique-id>
   <command>xfce4-appfinder --collapsed</command>
   <description>Launch a program</description>
   <description xml:lang="am">Launch a program</description>
   <description xml:lang="ca">Engega un programa</description>
   <description xml:lang="da">Start et program</description>
   <description xml:lang="de">Ein Programm starten</description>
   <description xml:lang="el">Ξεκινήστε ένα πρόγραμμα</description>
   <description xml:lang="es">Iniciar un programa</description>
   <description xml:lang="fi">Käynnistää ohjelman</description>
   <description xml:lang="fr">Démarrer un programme</description>
   <description xml:lang="it">Lancia un programma</description>
   <description xml:lang="lt">Paleisti programą</description>
   <description xml:lang="nl">Programma starten</description>
   <description xml:lang="pl">Uruchom program</description>
   <description xml:lang="pt_BR">Abre um programa</description>
   <description xml:lang="pt">Abre um programa</description>
   <description xml:lang="ru">Запуск программы</description>
   <description xml:lang="sk">Spustiť program</description>
   <description xml:lang="sl">Zaženi program</description>
   <description xml:lang="sv">Starta ett program</description>
   <description xml:lang="tr">Bir program çalıştır</description>
   <description xml:lang="zh_TW">啟動某項程式</description>
   <patterns>*</patterns>
   <directories/>
   <audio-files/>
   <image-files/>
   <other-files/>
   <text-files/>
   <video-files/>
</action>
<action>
   <icon>utilities-terminal</icon>
   <name>Open Terminal Here</name>
   <name xml:lang="am">ተርሚናል እዚህ መክፈቻ</name>
   <name xml:lang="ca">Obre un terminal aquí</name>
   <name xml:lang="da">Åbn terminal her</name>
   <name xml:lang="de">Terminal hier öffnen</name>
   <name xml:lang="el">Ανοίξτε το τερματικό εδώ</name>
   <name xml:lang="es">Abrir Consola aquí</name>
   <name xml:lang="fi">Avaa Pääte tässä kansiossa</name>
   <name xml:lang="fr">Ouvrir un terminal ici</name>
   <name xml:lang="it">Apri il terminale qui</name>
   <name xml:lang="lt">Atverti čia terminalą</name>
   <name xml:lang="nl">Open Terminal Hier</name>
   <name xml:lang="pl">Otwórz tutaj Terminal</name>
   <name xml:lang="pt_BR">Abrir Terminal aqui</name>
   <name xml:lang="pt">Abrir Terminal aqui</name>
   <name xml:lang="ru">Открыть терминал здесь</name>
   <name xml:lang="sk">Otvoriť Terminál tu</name>
   <name xml:lang="sl">Tukaj odprite termnal</name>
   <name xml:lang="sv">Öppna Terminal här</name>
   <name xml:lang="zh_TW">在此處開啟終端機</name>
   <unique-id>1388590880939619-1</unique-id>
   <command>exo-open --working-directory %f --launch TerminalEmulator</command>
   <description>Launch terminal emulator here</description>
   <description xml:lang="am">Launch terminal emulator here</description>
   <description xml:lang="ca">Engega un emulador de terminal aquí</description>
   <description xml:lang="da">Start terminalemulator her</description>
   <description xml:lang="de">Einen Terminal-Emulator hier starten</description>
   <description xml:lang="el">Εκκινήστε τον εξομοιωτή τερματικού εδώ</description>
   <description xml:lang="es">Iniciar emulador de consola aquí</description>
   <description xml:lang="fi">Avaa pääte tässä kansiossa</description>
   <description xml:lang="fr">Lancer un terminal ici</description>
   <description xml:lang="it">Lancia l'emulatore di terminale qui</description>
   <description xml:lang="lt">Paleisti čia terminalo emuliatorių</description>
   <description xml:lang="nl">Start terminal emulator hier</description>
   <description xml:lang="pl">Uruchom tutaj emulator terminala</description>
   <description xml:lang="pt_BR">Abre um emulador de terminal aqui</description>
   <description xml:lang="pt">Abre um emulador de terminal aqui</description>
   <description xml:lang="ru">Запуск эмулятора терминала здесь</description>
   <description xml:lang="sk">Spustiť emulátor terminálu v tomto umiestnení</description>
   <description xml:lang="sl">Tukaj zaženi emulator terminala</description>
   <description xml:lang="sv">Starta Terminalemulator här</description>
   <description xml:lang="zh_TW">在此處啟動終端機模擬程式</description>
   <patterns>*</patterns>
   <startup-notify/>
   <directories/>
</action>
<action>
   <icon></icon>
   <name>Open root Thunar here</name>
   <name xml:lang="am">Open root Thunar here</name>
   <name xml:lang="ca">Obre Thunar com a administrador aquí</name>
   <name xml:lang="da">Åbn root-Thunar her</name>
   <name xml:lang="de">Thunar als Root hier öffnen</name>
   <name xml:lang="el">Ανοίξτε το Thunar ως root εδώ</name>
   <name xml:lang="es">Abrir Thunar como administrador</name>
   <name xml:lang="fi">Avaa Thunar pääkäyttäjänä tässä kansiossa</name>
   <name xml:lang="fr">Ouvrir ici Thunar en compte root</name>
   <name xml:lang="it">Apri root Thunar qui</name>
   <name xml:lang="lt">Open root Thunar here</name>
   <name xml:lang="nl">Open root Thunar hier</name>
   <name xml:lang="pl">Otwórz tutaj jako root Thunar</name>
   <name xml:lang="pt_BR">Abrir Thunar de raíz aqui</name>
   <name xml:lang="pt">Abrir Thunar de raíz aqui</name>
   <name xml:lang="ru">Открыть папку от root</name>
   <name xml:lang="sk">Open root Thunar here</name>
   <name xml:lang="sl">Tukaj odprite korenski oz. root Thunar</name>
   <name xml:lang="sv">Öppna root Thunar här</name>
   <name xml:lang="zh_TW">在此處以 root 身份開啟 Thunar 視窗</name>
   <unique-id>1391443434179984-1</unique-id>
   <command>pkexec thunar %f</command>
   <description>Open this folder with administrative rights</description>
   <description xml:lang="am">Open this folder with administrative rights</description>
   <description xml:lang="ca">Obre aquesta carpeta amb drets d'administrador</description>
   <description xml:lang="da">Åbn mappen med administrative rettigheder</description>
   <description xml:lang="de">Dieses Verzeichnis mit Administratorenrechten öffnen</description>
   <description xml:lang="el">Ανοίξτε αυτό το φάκελο με δικαιώματα διαχειριστή</description>
   <description xml:lang="es">Abrir este carpeta con permisos del administrador</description>
   <description xml:lang="fi">Avaa tämä kansio pääkäyttäjän oikeuksilla</description>
   <description xml:lang="fr">Ouvrir ce répertoire avec les privilèges administrateurs</description>
   <description xml:lang="it">Apri questa cartella con privilegi amministrativi</description>
   <description xml:lang="lt">Atverti šį aplanką administratoriaus teisėmis</description>
   <description xml:lang="nl">Open deze map met administratieve rechten</description>
   <description xml:lang="pl">Otwórz ten folder z prawami administratora</description>
   <description xml:lang="pt_BR">Abre esta pasta com permissões de administrador</description>
   <description xml:lang="pt">Abre esta pasta com permissões de administrador</description>
   <description xml:lang="ru">Открытие папки с правами администратора</description>
   <description xml:lang="sk">Open this folder with administrative rights</description>
   <description xml:lang="sl">Odprite ta imenik s skrbniškimi pravicami</description>
   <description xml:lang="sv">Öppna denna mapp med administrativa rättigheter</description>
   <description xml:lang="zh_TW">以系統管理員的權限開啟本資料夾</description>
   <patterns>*</patterns>
   <directories/>
   <audio-files/>
   <image-files/>
   <other-files/>
   <text-files/>
   <video-files/>
</action>
<action>
   <icon></icon>
   <name>Edit as Root</name>
   <name xml:lang="am">Root ማረሚያ እንደ</name>
   <name xml:lang="ca">Edita com a root</name>
   <name xml:lang="da">Rediger som root</name>
   <name xml:lang="de">Als Root bearbeiten</name>
   <name xml:lang="el">Επεξεργασία ως Root </name>
   <name xml:lang="es">Editar como raiz/root</name>
   <name xml:lang="fi">Muokkaa pääkäyttäjänä</name>
   <name xml:lang="fr">Éditer en tant que root</name>
   <name xml:lang="it">Edita come Root</name>
   <name xml:lang="lt">Edit as Root</name>
   <name xml:lang="nl">Aanpassen als Root</name>
   <name xml:lang="pl">Edytuj jako Root</name>
   <name xml:lang="pt_BR">Editar como administrador (Root)</name>
   <name xml:lang="pt">Editar como administrador (Root)</name>
   <name xml:lang="ru">Редактировать от Root</name>
   <name xml:lang="sk">Edit as Root</name>
   <name xml:lang="sl">Uredi kot root</name>
   <name xml:lang="sv">Redigera som Root</name>
   <name xml:lang="zh_TW">以 root 身份編輯</name>
   <unique-id>1389150009142611-4</unique-id>
   <command>/usr/bin/mx-edit-as-root.sh %f;</command>
   <description>Make administrative changes to text files</description>
   <description xml:lang="am">Make administrative changes to text files</description>
   <description xml:lang="ca">Fa canvis d'administració a fitxers de text</description>
   <description xml:lang="da">Foretag administrative ændringer til tekstfiler</description>
   <description xml:lang="de">Administrative Änderungen an Textdateien vornehmen</description>
   <description xml:lang="el">Κάντε αλλαγές διαχείρισης σε αρχεία κειμένου</description>
   <description xml:lang="es">Realizar ajustes administrativos a archivos de textos</description>
   <description xml:lang="fi">Tee ylläpidollisia muutoksia tekstitiedostoihin</description>
   <description xml:lang="fr">Opérer des changements administrateur sur des fichiers textes</description>
   <description xml:lang="it">Fare modifiche amministrative ai file di testo</description>
   <description xml:lang="lt">Make administrative changes to text files</description>
   <description xml:lang="nl">Maak administratieve veranderingen naar tekstbestanden</description>
   <description xml:lang="pl">Wprowadź zmiany jako administrator do plików tekstowych</description>
   <description xml:lang="pt_BR">Permite fazer alterações administrativas a ficheiros de texto</description>
   <description xml:lang="pt">Permite fazer alterações administrativas a ficheiros de texto</description>
   <description xml:lang="ru">Внесение изменений в текстовые файлы</description>
   <description xml:lang="sk">Make administrative changes to text files</description>
   <description xml:lang="sl">Opravi adminstrativne spremembe tekstovnih datotek</description>
   <description xml:lang="sv">Gör administrativa ändringar i textfiler</description>
   <description xml:lang="zh_TW">以系統管理員身份編輯文字檔</description>
   <patterns>*</patterns>
   <other-files/>
   <text-files/>
</action>
<action>
   <icon></icon>
   <name>Find files here</name>
   <name xml:lang="am">ፋይሎች እዚህ መፈለጊያ</name>
   <name xml:lang="ca">Troba fitxers aquí</name>
   <name xml:lang="da">Find filer her</name>
   <name xml:lang="de">Dateien hier finden</name>
   <name xml:lang="el">Βρείτε αρχεία εδώ</name>
   <name xml:lang="es">Buscar archivos aquí</name>
   <name xml:lang="fi">Etsi tiedostoja tästä sijainnista</name>
   <name xml:lang="fr">Trouver des fichiers ici</name>
   <name xml:lang="it">Trova file qui</name>
   <name xml:lang="lt">Rasti čia failus</name>
   <name xml:lang="nl">Vind bestanden hier</name>
   <name xml:lang="pl">Szukaj tutaj plików</name>
   <name xml:lang="pt_BR">Procurar ficheiros aqui</name>
   <name xml:lang="pt">Procurar ficheiros aqui</name>
   <name xml:lang="ru">Найти файлы здесь</name>
   <name xml:lang="sk">Find files here</name>
   <name xml:lang="sl">Tukaj najdi datoteke</name>
   <name xml:lang="sv">Hitta filer här</name>
   <name xml:lang="zh_TW">尋找這裡面的檔案</name>
   <unique-id>1391015829778456-1</unique-id>
   <command>catfish --path=%f</command>
   <description>Search current folder</description>
   <description xml:lang="am">Search current folder</description>
   <description xml:lang="ca">Cerca a la carpeta actual</description>
   <description xml:lang="da">Søg i nuværende mappe</description>
   <description xml:lang="de">Aktuelles Verzeichnis durchsuchen</description>
   <description xml:lang="el">Αναζήτηση τρέχοντος φακέλου</description>
   <description xml:lang="es">Buscar en carpeta actual</description>
   <description xml:lang="fi">Hae nykyisestä kansiosta</description>
   <description xml:lang="fr">Faire une recherche dans le répertoire actuel</description>
   <description xml:lang="it">Fare una ricerca sulla cartella corrente</description>
   <description xml:lang="lt">Ieškoti esamame aplanke</description>
   <description xml:lang="nl">Zoeken in huidige map</description>
   <description xml:lang="pl">Przeszukaj bieżący folder</description>
   <description xml:lang="pt_BR">Pesquisa na pasta em uso</description>
   <description xml:lang="pt">Pesquisa na pasta em uso</description>
   <description xml:lang="ru">Поиск в текущей папке</description>
   <description xml:lang="sk">Search current folder</description>
   <description xml:lang="sl">Išči v trenutni mapi</description>
   <description xml:lang="sv">Sök i aktuell mapp</description>
   <description xml:lang="zh_TW">在本資料夾中搜尋</description>
   <patterns>*</patterns>
   <directories/>
   <text-files/>
</action>
<action>
   <icon></icon>
   <name>Create symlink</name>
   <unique-id>1394124450909421-1</unique-id>
   <name xml:lang="am">Create symlink</name>
   <name xml:lang="ca">Crea enllaç simbòlic</name>
   <name xml:lang="da">Opret symlink</name>
   <name xml:lang="de">Symbolische Verknüpfung erstellen</name>
   <name xml:lang="el">Δημιουργία σύζευξης</name>
   <name xml:lang="es">Crear enlace simbólico</name>
   <name xml:lang="fi">Luo symbolinen linkki</name>
   <name xml:lang="fr">Créer un lien symbolique</name>
   <name xml:lang="it">Crea symlink</name>
   <name xml:lang="lt">Sukurti simbolinę nuorodą</name>
   <name xml:lang="nl">Creëer symlink</name>
   <name xml:lang="pl">Utwórz dowiązanie symboliczne</name>
   <name xml:lang="pt_BR">Criar atalho (symlink)</name>
   <name xml:lang="pt">Criar atalho (symlink)</name>
   <name xml:lang="ru">Создать символьную ссылку</name>
   <name xml:lang="sk">Create symlink</name>
   <name xml:lang="sl">Ustvari posredno povezavo</name>
   <name xml:lang="sv">Skapa symbolisk länk</name>
   <name xml:lang="zh_TW">創造符號連結</name>
   <command>bash -c &apos;F=&quot;$1&quot;; N=&quot;$2&quot;;  P=$(readlink -f &quot;$PWD&quot;); R=$(readlink -f &quot;$F&quot;); [ &quot;$P&quot; = &quot;$R&quot; ] &amp;&amp; exit; ln -s &quot;$F&quot; &quot;$N (symlink)&quot;&apos; - %f %n</command>
   <description>Softlink between two files or directories</description>
   <description xml:lang="am">Softlink between two files or directories</description>
   <description xml:lang="ca">Enllaç tou entre dos fitxers o directoris</description>
   <description xml:lang="da">Softlink mellem to filer eller mappe</description>
   <description xml:lang="de">Softlink zwischen zwei Dateien oder Ordnern erstellen</description>
   <description xml:lang="el">Softlink μεταξύ δύο αρχείων ή καταλόγων</description>
   <description xml:lang="es">Enlace simbólico entre dos archivos o carpetas</description>
   <description xml:lang="fi">Pehmeä linkki kahden tiedoston tai hakemiston välillä</description>
   <description xml:lang="fr">Lien symbolique entre deux fichiers ou répertoires</description>
   <description xml:lang="it">Creare un link simbolico tra due file o directory</description>
   <description xml:lang="lt">Softlink between two files or directories</description>
   <description xml:lang="nl">Softlink tussen twee bestanden of directories</description>
   <description xml:lang="pl">Link symboliczny pomiędzy dwoma plikami lub katalogami</description>
   <description xml:lang="pt_BR">Cria um atalho entre dois ficheiros ou directórios</description>
   <description xml:lang="pt">Cria um atalho entre dois ficheiros ou directórios</description>
   <description xml:lang="ru">Ссылка между двумя файлами или директориями</description>
   <description xml:lang="sk">Softlink between two files or directories</description>
   <description xml:lang="sl">Mehka povezava med dvema datotekama ali direktorijema</description>
   <description xml:lang="sv">Symbolisk länk mellan två filer eller kataloger</description>
   <description xml:lang="zh_TW">在兩個檔案或目錄之間建立軟連結</description>
   <patterns>*</patterns>
   <startup-notify/>
   <directories/>
   <other-files/>
   <text-files/>
</action>
<action>
   <icon></icon>
   <name>Compute sha/md5sum</name>
   <unique-id>1426501025005582-4</unique-id>
   <name xml:lang="am">የ ኮምፒዩተር sha/md5sum</name>
   <name xml:lang="ca">Calcula el  sha/md5sum</name>
   <name xml:lang="da">Beregn sha/md5sum</name>
   <name xml:lang="de">Berechne sha/md5sum</name>
   <name xml:lang="el">Υπολογίστε το sha/md5sum</name>
   <name xml:lang="es">Computar sha/md5sum</name>
   <name xml:lang="fi">Laske sha/md5-tarkistussumma</name>
   <name xml:lang="fr">Calculer la somme de contrôle sha/md5</name>
   <name xml:lang="it">Computa lo sha/md5sum</name>
   <name xml:lang="lt">Apskaičiuoti sha/md5sum</name>
   <name xml:lang="nl">Bereken sha/md5sum</name>
   <name xml:lang="pl">Oblicz sha/md5sum</name>
   <name xml:lang="pt_BR">Computar a sha/md5sum</name>
   <name xml:lang="pt">Computar a sha/md5sum</name>
   <name xml:lang="ru">Посчитать sha/md5sum</name>
   <name xml:lang="sk">Compute sha/md5sum</name>
   <name xml:lang="sl">Izračunaj sha/md5sum</name>
   <name xml:lang="sv">Beräkna sha/md5sum</name>
   <name xml:lang="tr">Compute sha/md5sum</name>
   <name xml:lang="zh_TW">計算 sha/md5sum</name>
   <command>yad --info --title=&quot;Computed checksums for %n&quot; --text=&quot;$(echo; echo -n &apos;md5:     &apos; `md5sum %n | awk &apos;{print $1}&apos;`; echo; echo &apos;sha256:&apos; `sha256sum %n | awk &apos;{print $1}&apos;`)&quot; --height=280 --center --button=gtk-close | yad --width=350 --height=250 --progress --percentage=&quot;50&quot; --auto-kill --auto-close --title=&quot;Checksum utility&quot; --text=&quot;Calculating checksums for %n&quot;  --center --button=gtk-close</command>
   <description>Display checksum of ISO</description>
   <description xml:lang="am">Display checksum of ISO</description>
   <description xml:lang="ca">Mostra la suma de verificació d'un ISO</description>
   <description xml:lang="da">Vis checksum for ISO</description>
   <description xml:lang="de">Prüfsumme einer ISO anzeigen</description>
   <description xml:lang="el">Εμφάνιση το άθροισμα ελέγχου του ISO</description>
   <description xml:lang="es">Mostrar valor del md5sum del ISO</description>
   <description xml:lang="fi">Näytä ISO-tiedoston tarkistussumma</description>
   <description xml:lang="fr">Afficher la somme de contrôle de l'ISO</description>
   <description xml:lang="it">Visualizzare la somma md5 dell'ISO</description>
   <description xml:lang="lt">Rodyti ISO failo kontrolinę sumą</description>
   <description xml:lang="nl">Laat checksum van ISO zien</description>
   <description xml:lang="pl">Wyświetl sumę kontrolną obrazu ISO</description>
   <description xml:lang="pt_BR">Exibe a soma de controlo (checksum) da ISO</description>
   <description xml:lang="pt">Exibe a soma de controlo (checksum) da ISO</description>
   <description xml:lang="ru">Показ контрольной суммы ISO</description>
   <description xml:lang="sk">Display checksum of ISO</description>
   <description xml:lang="sl">Prikaži preizkusno vsoto za ISO</description>
   <description xml:lang="sv">Visa checksum för ISO</description>
   <description xml:lang="tr">ISO 'nun sağlama toplamını göster</description>
   <description xml:lang="zh_TW">顯示 ISO 檔的檢查碼</description>
   <patterns>*.iso;*.ISO</patterns>
   <other-files/>
</action>
<action>
   <icon></icon>
   <name>Check data integrity</name>
   <unique-id>1426501047462724-5</unique-id>
   <name xml:lang="am">የ ዳታ አስተማማኝነት መመርመሪያ</name>
   <name xml:lang="ca">Comprova la integritat de les dades</name>
   <name xml:lang="da">Tjek dataintegritet</name>
   <name xml:lang="de">Datenintegrität prüfen</name>
   <name xml:lang="el">Ελέγξτε την ακεραιότητα των δεδομένων</name>
   <name xml:lang="es">Verificar integridad de datos</name>
   <name xml:lang="fi">Tarkista tiedon eheys</name>
   <name xml:lang="fr">Contrôler l'intégrité des données</name>
   <name xml:lang="it">Controlla l'integrità dei dati</name>
   <name xml:lang="lt">Tikrinti duomenų vientisumą</name>
   <name xml:lang="nl">Controleer data integriteit</name>
   <name xml:lang="pl">Sprawdź integralność danych</name>
   <name xml:lang="pt_BR">Verificar a integridade dos dados</name>
   <name xml:lang="pt">Verificar a integridade dos dados</name>
   <name xml:lang="ru">Проверка целостности данных</name>
   <name xml:lang="sk">Check data integrity</name>
   <name xml:lang="sl">Preveri integriteto podatkov</name>
   <name xml:lang="sv">Kontrollera dataintegritet</name>
   <name xml:lang="tr">Check data integrity</name>
   <name xml:lang="zh_TW">檢查資料完整性</name>
   <command>hashType=&quot;$(echo %n | awk -F &quot;.&quot; &apos;{print $NF}&apos; | sed s/sum//)&quot; &amp;&amp; yad --info --title=&quot;$hashType&quot;&quot; sum result&quot; --width=400 --height=200 --center --text=&quot;\n    $(&quot;$hashType&quot;sum -c %f)&quot;&quot;\n&quot; --button=gtk-close  | yad --progress  --percentage=&quot;50&quot; --auto-kill --auto-close --center --title=&quot;Checksum utility&quot; --text=&quot;    Checking &quot;&quot;$hashType&quot;&quot; sum of    \n&quot;&quot;    &quot;&quot;$(echo %n | rev | cut -f2- -d. | rev)&quot;&quot;    &quot;</command>
   <description>Compare ISO and hash files</description>
   <description xml:lang="am">Compare ISO and hash files</description>
   <description xml:lang="ca">Compara els fitxers ISO i hash</description>
   <description xml:lang="da">Sammenlign ISO- og hash-filer</description>
   <description xml:lang="de">Überprüfung von ISO-Dateien mittels Hash-Dateien (md5, sha1, sha256, sha512 ...)</description>
   <description xml:lang="el">Συγκρίνετε τα αρχεία ISO και hash</description>
   <description xml:lang="es">Comparar archivos de ISO y hash</description>
   <description xml:lang="fi">Vertaa ISO ja hash-tiedostoja</description>
   <description xml:lang="fr">Comparer les fichiers ISO et somme de contrôle md5/sha</description>
   <description xml:lang="it">Comparare tra loro i file ISO e hash</description>
   <description xml:lang="lt">Palyginti ISO ir hash failus</description>
   <description xml:lang="nl">Vergelijk ISO en hash bestanden</description>
   <description xml:lang="pl">Porównaj obraz ISO i pliki hash</description>
   <description xml:lang="pt_BR">Calcula a hash da ISO e compara-a com a hash constante no ficheiro md5/sha</description>
   <description xml:lang="pt">Calcula a hash da ISO e compara-a com a hash constante no ficheiro md5/sha</description>
   <description xml:lang="ru">Сравнение файлов ISO и hash</description>
   <description xml:lang="sk">Compare ISO and hash files</description>
   <description xml:lang="sl">Primerja ISO in razpršitvene datoteke</description>
   <description xml:lang="sv">Jämför ISO och hash-filer</description>
   <description xml:lang="tr">ISO ve sağlama dosyalarını karşılaştır</description>
   <description xml:lang="zh_TW">比對 ISO 檔和 hash 檔案</description>
   <patterns>*.md5;*.md5sum;*.sha;*.shasum;*.sha1;*.sha1sum;*.sha224;*.sha224sum;*.sha256;*.sha256sum;*.sha384;*.sha384sum;*.sha512;*.sha512sum</patterns>
   <other-files/>
   <text-files/>
</action>
<action>
   <icon></icon>
   <name>Make Startup Sound</name>
   <name xml:lang="am">የ ማስጀመሪያ ድምፅ ማሰሚያ</name>
   <name xml:lang="ca">Fes un so d'arrencada</name>
   <name xml:lang="da">Foretag opstartslyd</name>
   <name xml:lang="de">Startsound festlegen</name>
   <name xml:lang="el">ήχο εκκίνησης</name>
   <name xml:lang="es">Haga sonar el sonido de Inicio</name>
   <name xml:lang="fi">Soita kirjautumisääni</name>
   <name xml:lang="fr">Choisir comme son de connexion</name>
   <name xml:lang="it">Imposta il suono di avvio</name>
   <name xml:lang="lt">Make Startup Sound</name>
   <name xml:lang="nl">Maak Opstartgeluid</name>
   <name xml:lang="pl">Użyj jako dźwięk startowy</name>
   <name xml:lang="pt_BR">Reproduzir Som de Iniciação</name>
   <name xml:lang="pt">Reproduzir Som de Iniciação</name>
   <name xml:lang="ru">Создать звук при входе</name>
   <name xml:lang="sk">Make Startup Sound</name>
   <name xml:lang="sl">Naredi zagonski zvok</name>
   <name xml:lang="sv">Gör ett ljud vid Start</name>
   <name xml:lang="zh_TW">設為啟動音效</name>
   <unique-id>1447629663342880-3</unique-id>
   <command>mkdir -p ~/.config/MX-Linux/mx-system-sounds; echo %f &gt;~/.config/MX-Linux/mx-system-sounds/startupsound.conf</command>
   <description>Make selected Startup Sound</description>
   <description xml:lang="am">Make selected Startup Sound</description>
   <description xml:lang="ca">Fes el so d'arrencada seleccionat</description>
   <description xml:lang="da">Foretag valgte opstartslyd</description>
   <description xml:lang="de">Gewählten Sound für den Start verwenden</description>
   <description xml:lang="el">επιλεγμένη εκκίνηση ήχου</description>
   <description xml:lang="es">Tocar el sonido de Inicio seleccionado</description>
   <description xml:lang="fi">Tee valitusta sisäänkirjautumisen ääni</description>
   <description xml:lang="fr">Le fichier sélectionné devient le son de connexion</description>
   <description xml:lang="it">Impostare il suono di avvio selezionato</description>
   <description xml:lang="lt">Make selected Startup Sound</description>
   <description xml:lang="nl">Maak geselecteerd Opstartgeluid</description>
   <description xml:lang="pl">Użyj wybranego pliku jako dźwięk startowy</description>
   <description xml:lang="pt_BR">Reproduz o Som de Iniciação seleccionado</description>
   <description xml:lang="pt">Reproduz o Som de Iniciação seleccionado</description>
   <description xml:lang="ru">Назначение выбранного звука для входа</description>
   <description xml:lang="sk">Make selected Startup Sound</description>
   <description xml:lang="sl">Naredi izbrani zagonski zvok</description>
   <description xml:lang="sv">Gör utvalt Startljud</description>
   <description xml:lang="zh_TW">將目前選擇的檔案設為啟動音效</description>
   <patterns>*</patterns>
   <audio-files/>
</action>
<action>
   <icon>application-x-deb</icon>
   <name>Install Deb Files</name>
   <name xml:lang="am">Install Deb Files</name>
   <name xml:lang="ca">Instal·la fitxers Deb</name>
   <name xml:lang="da">Installer deb-filer</name>
   <name xml:lang="de">Deb Dateien installieren</name>
   <name xml:lang="el">Εγκατάσταση αρχείων Deb</name>
   <name xml:lang="es">Instalar Ficheros Deb</name>
   <name xml:lang="fi">Asenna Deb-tiedostoja</name>
   <name xml:lang="fr">Installer des fichiers Deb</name>
   <name xml:lang="it">Installa Deb Files</name>
   <name xml:lang="lt">Įdiegti Deb failus</name>
   <name xml:lang="nl">Installeer Deb Bestanden</name>
   <name xml:lang="pl">Zainstaluj pliki Deb</name>
   <name xml:lang="pt_BR">Install Deb Files</name>
   <name xml:lang="pt">Instalar Ficheiros Deb</name>
   <name xml:lang="ru">Установить Deb файлы</name>
   <name xml:lang="sk">Install Deb Files</name>
   <name xml:lang="sl">Namesti Deb datoteke</name>
   <name xml:lang="sv">Installera Deb Filer</name>
   <name xml:lang="zh_TW">Install Deb Files</name>
    <unique-id>1520126333907393-1</unique-id>
	<command>x-terminal-emulator -e bash -c &quot;sudo apt install %F; echo;read -n 1 -s -r -p &apos;press any key to close&apos;&quot;</command>
   <description>Install deb packages and dependencies with apt</description>
   <description xml:lang="am">Install deb packages and dependencies with apt</description>
   <description xml:lang="ca">Instal·la paquets deb i dependències amb apt</description>
   <description xml:lang="da">Installer deb-pakker og -afhængigheder med apt</description>
   <description xml:lang="de">Installieren von deb-Paketen und Abhängigkeiten mit apt</description>
   <description xml:lang="el">Εγκαταστήστε πακέτα και εξαρτήσεις deb με apt</description>
   <description xml:lang="es">Instalar paquetes deb y dependencias con apt</description>
   <description xml:lang="fi">Asenna *deb paketteja sekä riippuvuuksia apt:llä</description>
   <description xml:lang="fr">Installer des paquets deb et leurs dépendances à l'aide d'apt</description>
   <description xml:lang="it">Installa pacchetti deb e dipendenze con apt</description>
   <description xml:lang="lt">Įdiegti deb paketus ir priklausomybes, naudojant apt</description>
   <description xml:lang="nl">Installeer deb pakketten en afhankelijkheden met apt</description>
   <description xml:lang="pl">Zainstaluj pakiety Debiana i zależności korzystając z apt</description>
   <description xml:lang="pt_BR">Install deb packages and dependencies with apt</description>
   <description xml:lang="pt">Instalar pacotes deb e respectivas dependências através do apt</description>
   <description xml:lang="ru">Установить deb пакеты и зависимости с помощью apt</description>
   <description xml:lang="sk">Install deb packages and dependencies with apt</description>
   <description xml:lang="sl">Namesti deb pakete in odvisnosti s pomočjo apt</description>
   <description xml:lang="sv">Installera deb paket och beroenden med apt</description>
   <description xml:lang="zh_TW">Install deb packages and dependencies with apt</description>
   <patterns>*.deb</patterns>
   <other-files/>
</action>
</actions>
