<?xml version="1.0" encoding="UTF-8"?>

<channel name="displays" version="1.0">
  <property name="Default" type="empty">
    <property name="Notify" type="int" value="3"/>
    <property name="AutoEnableProfiles" type="bool" value="true"/>
    <property name="Virtual1" type="string" value="Virtual1">
      <property name="Active" type="bool" value="true"/>
      <property name="EDID" type="string" value=""/>
      <property name="Resolution" type="string" value="1280x720"/>
      <property name="RefreshRate" type="double" value="59.8551264911559"/>
      <property name="Rotation" type="int" value="0"/>
      <property name="Reflection" type="string" value="0"/>
      <property name="Primary" type="bool" value="false"/>
      <property name="Scale" type="empty">
        <property name="X" type="double" value="1"/>
        <property name="Y" type="double" value="1"/>
      </property>
      <property name="Position" type="empty">
        <property name="X" type="int" value="0"/>
        <property name="Y" type="int" value="0"/>
      </property>
    </property>
  </property>
  <property name="ActiveProfile" type="string" value="Default"/>
  <property name="Fallback" type="empty">
    <property name="Virtual1" type="string" value="Virtual1">
      <property name="Active" type="bool" value="true"/>
      <property name="EDID" type="string" value=""/>
      <property name="Resolution" type="string" value="1280x720"/>
      <property name="RefreshRate" type="double" value="59.8551264911559"/>
      <property name="Rotation" type="int" value="0"/>
      <property name="Reflection" type="string" value="0"/>
      <property name="Primary" type="bool" value="false"/>
      <property name="Scale" type="empty">
        <property name="X" type="double" value="1"/>
        <property name="Y" type="double" value="1"/>
      </property>
      <property name="Position" type="empty">
        <property name="X" type="int" value="0"/>
        <property name="Y" type="int" value="0"/>
      </property>
    </property>
  </property>
  <property name="Notify" type="int" value="1"/>
  <property name="7505d64a54e061b7acd54ccd58b49dc43500b635" type="string" value="default">
    <property name="Virtual1" type="string" value="Virtual1">
      <property name="Active" type="bool" value="true"/>
      <property name="EDID" type="string" value=""/>
      <property name="Resolution" type="string" value="1280x720"/>
      <property name="RefreshRate" type="double" value="59.8551264911559"/>
      <property name="Rotation" type="int" value="0"/>
      <property name="Reflection" type="string" value="0"/>
      <property name="Primary" type="bool" value="false"/>
      <property name="Scale" type="empty">
        <property name="X" type="double" value="1"/>
        <property name="Y" type="double" value="1"/>
      </property>
      <property name="Position" type="empty">
        <property name="X" type="int" value="0"/>
        <property name="Y" type="int" value="0"/>
      </property>
    </property>
  </property>
  <property name="f410e0466ae4b065bfa4d9010ad6056864ed4e50" type="string" value="standard">
    <property name="Virtual1" type="string" value="Virtual1">
      <property name="Active" type="bool" value="true"/>
      <property name="EDID" type="string" value=""/>
      <property name="Resolution" type="string" value="1280x720"/>
      <property name="RefreshRate" type="double" value="59.8551264911559"/>
      <property name="Rotation" type="int" value="0"/>
      <property name="Reflection" type="string" value="0"/>
      <property name="Primary" type="bool" value="false"/>
      <property name="Scale" type="empty">
        <property name="X" type="double" value="1"/>
        <property name="Y" type="double" value="1"/>
      </property>
      <property name="Position" type="empty">
        <property name="X" type="int" value="0"/>
        <property name="Y" type="int" value="0"/>
      </property>
    </property>
  </property>
</channel>
