<?xml version="1.0" encoding="UTF-8"?>

<channel name="thunar" version="1.0">
  <property name="last-view" type="string" value="ThunarIconView"/>
  <property name="last-icon-view-zoom-level" type="string" value="THUNAR_ZOOM_LEVEL_75_PERCENT"/>
  <property name="last-window-width" type="int" value="852"/>
  <property name="last-window-height" type="int" value="635"/>
  <property name="last-window-maximized" type="bool" value="false"/>
  <property name="last-separator-position" type="int" value="170"/>
  <property name="misc-single-click" type="bool" value="true"/>
  <property name="misc-recursive-permissions" type="string" value="THUNAR_RECURSIVE_PERMISSIONS_NEVER"/>
  <property name="last-show-hidden" type="bool" value="true"/>
  <property name="last-side-pane" type="string" value="ThunarShortcutsPane"/>
  <property name="misc-show-delete-action" type="bool" value="true"/>
</channel>
