<?xml version="1.0" encoding="UTF-8"?>

<channel name="xfce4-mixer" version="1.0">
  <property name="active-card" type="string" value="HDAudioGenericAlsamixer"/>
  <property name="volume-step-size" type="uint" value="5"/>
  <property name="sound-card" type="string" value="HDAATISBAlsamixer"/>
  <property name="sound-cards" type="empty">
    <property name="HDAudioGenericAlsamixer" type="array">
    </property>
    <property name="HDAATISBAlsamixer" type="array">
      <value type="string" value="Master"/>
      <value type="string" value="Headphone"/>
      <value type="string" value="Speaker"/>
      <value type="string" value="Mic Boost"/>
      <value type="string" value="Beep"/>
    </property>
  </property>
  <property name="window-height" type="int" value="377"/>
  <property name="window-width" type="int" value="594"/>
</channel>
