<?xml version="1.0" encoding="UTF-8"?>

<channel name="xfce4-desktop" version="1.0">
  <property name="backdrop" type="empty">
    <property name="screen0" type="empty">
      <property name="monitor0" type="empty">
        <property name="image-path" type="string" value="/usr/share/backgrounds/default.png"/>
        <property name="image-style" type="int" value="3"/>
        <property name="image-show" type="bool" value="true"/>
      </property>
      <property name="monitor1" type="empty">
        <property name="image-path" type="string" value="/usr/share/backgrounds/default23.png"/>
        <property name="image-style" type="int" value="3"/>
        <property name="image-show" type="bool" value="true"/>
      </property>
      <property name="monitor2" type="empty">
        <property name="image-path" type="string" value="/usr/share/backgrounds/default23.png"/>
        <property name="image-style" type="int" value="3"/>
        <property name="image-show" type="bool" value="true"/>
      </property>
      <property name="monitor3" type="empty">
        <property name="image-path" type="string" value="/usr/share/backgrounds/default23.png"/>
        <property name="image-style" type="int" value="3"/>
        <property name="image-show" type="bool" value="true"/>
      </property>
      <property name="monitorVirtual1" type="empty">
        <property name="workspace0" type="empty">
          <property name="color-style" type="int" value="0"/>
          <property name="image-style" type="int" value="1"/>
          <property name="last-image" type="string" value="/usr/share/backgrounds/default.png"/>
        </property>
        <property name="workspace1" type="empty">
          <property name="color-style" type="int" value="0"/>
          <property name="image-style" type="int" value="3"/>
          <property name="last-image" type="string" value="/usr/share/backgrounds/default23.png"/>
        </property>
      </property>
    </property>
  </property>
  <property name="desktop-icons" type="empty">
    <property name="icon-size" type="uint" value="34"/>
    <property name="file-icons" type="empty">
      <property name="show-home" type="bool" value="true"/>
      <property name="show-filesystem" type="bool" value="true"/>
      <property name="show-trash" type="bool" value="true"/>
      <property name="show-removable" type="bool" value="true"/>
    </property>
    <property name="single-click" type="bool" value="true"/>
    <property name="show-hidden-files" type="bool" value="false"/>
    <property name="use-custom-font-size" type="bool" value="false"/>
  </property>
  <property name="last" type="empty">
    <property name="window-width" type="int" value="649"/>
    <property name="window-height" type="int" value="568"/>
  </property>
</channel>
