<?xml version="1.0" encoding="UTF-8"?>

<channel name="xfce4-panel" version="1.0">
  <property name="configver" type="int" value="2"/>
  <property name="panels" type="array">
    <value type="int" value="1"/>
    <property name="panel-1" type="empty">
      <property name="position" type="string" value="p=8;x=400;y=581"/>
      <property name="length" type="double" value="100"/>
      <property name="position-locked" type="bool" value="true"/>
      <property name="size" type="uint" value="30"/>
      <property name="plugin-ids" type="array">
        <value type="int" value="20"/>
        <value type="int" value="8"/>
        <value type="int" value="2"/>
        <value type="int" value="15"/>
        <value type="int" value="1"/>
        <value type="int" value="3"/>
        <value type="int" value="5"/>
        <value type="int" value="6"/>
        <value type="int" value="7"/>
        <value type="int" value="4"/>
      </property>
      <property name="background-style" type="uint" value="1"/>
      <property name="mode" type="uint" value="0"/>
      <property name="disable-struts" type="bool" value="false"/>
      <property name="nrows" type="uint" value="1"/>
      <property name="background-rgba" type="array">
        <value type="double" value="0"/>
        <value type="double" value="0"/>
        <value type="double" value="0"/>
        <value type="double" value="0.80134680134680136"/>
      </property>
      <property name="enter-opacity" type="uint" value="92"/>
      <property name="leave-opacity" type="uint" value="70"/>
    </property>
    <property name="dark-mode" type="bool" value="true"/>
  </property>
  <property name="plugins" type="empty">
    <property name="plugin-15" type="string" value="separator">
      <property name="expand" type="bool" value="true"/>
      <property name="style" type="uint" value="0"/>
    </property>
    <property name="plugin-4" type="string" value="pager">
      <property name="rows" type="int" value="2"/>
      <property name="miniature-view" type="bool" value="true"/>
    </property>
    <property name="plugin-6" type="string" value="systray">
      <property name="names-visible" type="array">
        <value type="string" value="networkmanager applet"/>
        <value type="string" value="volumeicon"/>
        <value type="string" value="xfce terminal"/>
        <value type="string" value="blueman-applet"/>
        <value type="string" value="apt-notifier.py"/>
        <value type="string" value="clipman"/>
        <value type="string" value="xfce4-power-manager"/>
        <value type="string" value="fbxkb"/>
      </property>
      <property name="show-frame" type="bool" value="false"/>
      <property name="names-hidden" type="array">
      </property>
      <property name="size-max" type="uint" value="24"/>
      <property name="icon-size" type="int" value="0"/>
      <property name="names-ordered" type="array">
        <value type="string" value="apt-notifier.py"/>
        <value type="string" value="yad"/>
        <value type="string" value="xfce4-power-manager"/>
        <value type="string" value="networkmanager applet"/>
        <value type="string" value="clipit"/>
      </property>
      <property name="known-legacy-items" type="array">
        <value type="string" value="xfce terminal"/>
        <value type="string" value="clipman"/>
        <value type="string" value="ethernet network connection “wired connection 1” active"/>
        <value type="string" value="networkmanager applet"/>
      </property>
      <property name="known-items" type="array">
        <value type="string" value="kleopatra"/>
        <value type="string" value="apt-notifier.py"/>
        <value type="string" value="mx-usb-unmounter"/>
      </property>
      <property name="hidden-items" type="array">
        <value type="string" value="kleopatra"/>
        <value type="string" value="apt-notifier.py"/>
        <value type="string" value="mx-usb-unmounter"/>
      </property>
      <property name="symbolic-icons" type="bool" value="false"/>
      <property name="square-icons" type="bool" value="false"/>
      <property name="hide-new-items" type="bool" value="false"/>
      <property name="single-row" type="bool" value="false"/>
    </property>
    <property name="plugin-20" type="string" value="whiskermenu"/>
    <property name="plugin-2" type="string" value="docklike"/>
    <property name="plugin-5" type="string" value="pulseaudio">
      <property name="enable-keyboard-shortcuts" type="bool" value="true"/>
    </property>
    <property name="plugin-7" type="string" value="power-manager-plugin"/>
    <property name="plugin-3" type="string" value="separator">
      <property name="expand" type="bool" value="true"/>
      <property name="style" type="uint" value="0"/>
    </property>
    <property name="plugin-8" type="string" value="launcher">
      <property name="items" type="array">
        <value type="string" value="17076219731.desktop"/>
      </property>
    </property>
    <property name="clipman" type="empty">
      <property name="tweaks" type="empty">
        <property name="never-confirm-history-clear" type="bool" value="false"/>
      </property>
    </property>
    <property name="plugin-1" type="string" value="clock">
      <property name="digital-time-font" type="string" value="zowie eYe/FS Bold 22"/>
      <property name="digital-layout" type="uint" value="3"/>
    </property>
  </property>
  <property name="clipman" type="empty">
    <property name="tweaks" type="empty">
      <property name="never-confirm-history-clear" type="bool" value="false"/>
    </property>
  </property>
</channel>
